<?xml version="1.0" encoding="UTF-8"?>
<project-private xmlns="http://www.netbeans.org/ns/project-private/1">
    <editor-bookmarks xmlns="http://www.netbeans.org/ns/editor-bookmarks/2" lastBookmarkId="0"/>
    <open-files xmlns="http://www.netbeans.org/ns/projectui-open-files/2">
        <group>
            <file>file:/D:/ISP_Project/ISP392-ISPerfume/ISP392-ISPerfume/web/shopping.jsp</file>
            <file>file:/D:/ISP_Project/ISP392-ISPerfume/ISP392-ISPerfume/src/java/isp392/product/ProductDAO.java</file>
            <file>file:/D:/ISP_Project/ISP392-ISPerfume/ISP392-ISPerfume/src/java/isp392/controllers/CategoryController.java</file>
            <file>file:/D:/ISP_Project/ISP392-ISPerfume/ISP392-ISPerfume/src/java/isp392/controllers/UpdateProductManager.java</file>
            <file>file:/D:/ISP_Project/ISP392-ISPerfume/ISP392-ISPerfume/src/java/isp392/controllers/SearchProductController.java</file>
            <file>file:/D:/ISP_Project/ISP392-ISPerfume/ISP392-ISPerfume/src/java/isp392/controllers/NavigateProductDetailController.java</file>
            <file>file:/D:/ISP_Project/ISP392-ISPerfume/ISP392-ISPerfume/web/shoppingSearch.jsp</file>
            <file>file:/D:/ISP_Project/ISP392-ISPerfume/ISP392-ISPerfume/src/java/isp392/product/ProductDetailDAO.java</file>
            <file>file:/D:/ISP_Project/ISP392-ISPerfume/ISP392-ISPerfume/src/java/isp392/controllers/SizeFilterController.java</file>
            <file>file:/D:/ISP_Project/ISP392-ISPerfume/ISP392-ISPerfume/src/java/isp392/controllers/DescendingProductByPriceController.java</file>
            <file>file:/D:/4-ISP392/ISP392-ISPerfume/ISP392-ISPerfume/web/MGR_PromotionManagement.jsp</file>
            <file>file:/D:/4-ISP392/ISP392-ISPerfume/ISP392-ISPerfume/src/java/isp392/controllers/CreatePromotionController.java</file>
            <file>file:/D:/4-ISP392/ISP392-ISPerfume/ISP392-ISPerfume/src/java/isp392/controllers/UpdatePromotionController.java</file>
            <file>file:/D:/4-ISP392/ISP392-ISPerfume/ISP392-ISPerfume/src/java/isp392/controllers/ManagePromotionController.java</file>
            <file>file:/D:/4-ISP392/ISP392-ISPerfume/ISP392-ISPerfume/web/MGR_CreatePromotion.jsp</file>
            <file>file:/D:/4-ISP392/ISP392-ISPerfume/ISP392-ISPerfume/src/java/isp392/promotion/PromotionDAO.java</file>
            <file>file:/D:/4-ISP392/ISP392-ISPerfume/ISP392-ISPerfume/src/java/isp392/controllers/MainController.java</file>
        </group>
        <group>
            <file>file:/D:/ISP_Project/ISP392-ISPerfume/ISP392-ISPerfume/web/shopping.jsp</file>
            <file>file:/D:/ISP_Project/ISP392-ISPerfume/ISP392-ISPerfume/src/java/isp392/controllers/HomeController.java</file>
            <file>file:/D:/ISP_Project/ISP392-ISPerfume/ISP392-ISPerfume/web/productDetail.jsp</file>
            <file>file:/D:/ISP_Project/ISP392-ISPerfume/ISP392-ISPerfume/src/java/isp392/controllers/CategoryController.java</file>
            <file>file:/D:/ISP_Project/ISP392-ISPerfume/ISP392-ISPerfume/src/java/isp392/controllers/SizeFilterController.java</file>
            <file>file:/D:/ISP_Project/ISP392-ISPerfume/ISP392-ISPerfume/web/shoppingSearch.jsp</file>
            <file>file:/D:/ISP_Project/ISP392-ISPerfume/ISP392-ISPerfume/src/java/isp392/controllers/NavigateProductDetailController.java</file>
            <file>file:/D:/ISP_Project/ISP392-ISPerfume/ISP392-ISPerfume/src/java/isp392/product/ProductDTO.java</file>
            <file>file:/D:/ISP_Project/ISP392-ISPerfume/ISP392-ISPerfume/src/java/isp392/controllers/PriceBySizeController.java</file>
            <file>file:/D:/4-ISP392/ISP392-ISPerfume/ISP392-ISPerfume/web/MGR_PromotionManagement.jsp</file>
            <file>file:/D:/4-ISP392/ISP392-ISPerfume/ISP392-ISPerfume/src/java/isp392/controllers/CreatePromotionController.java</file>
            <file>file:/D:/4-ISP392/ISP392-ISPerfume/ISP392-ISPerfume/src/java/isp392/controllers/UpdatePromotionController.java</file>
            <file>file:/D:/4-ISP392/ISP392-ISPerfume/ISP392-ISPerfume/src/java/isp392/promotion/PromotionDTO.java</file>
            <file>file:/D:/4-ISP392/ISP392-ISPerfume/ISP392-ISPerfume/src/java/isp392/controllers/ManagePromotionController.java</file>
            <file>file:/D:/4-ISP392/ISP392-ISPerfume/ISP392-ISPerfume/web/MGR_CreatePromotion.jsp</file>
            <file>file:/D:/4-ISP392/ISP392-ISPerfume/ISP392-ISPerfume/src/java/isp392/promotion/PromotionDAO.java</file>
            <file>file:/D:/4-ISP392/ISP392-ISPerfume/ISP392-ISPerfume/src/java/isp392/promotion/PromotionError.java</file>
            <file>file:/D:/4-ISP392/ISP392-ISPerfume/ISP392-ISPerfume/src/java/isp392/controllers/MainController.java</file>
        </group>
        <group>
            <file>file:/D:/Document_D/GitKraken/08_10new/ISP392-ISPerfume/src/java/isp392/controllers/AscendingProductByPriceController.java</file>
        </group>
        <group/>
        <group>
            <file>file:/D:/Document_D/GitKraken/08_10new/ISP392-ISPerfume/web/home.jsp</file>
            <file>file:/D:/Document_D/GitKraken/08_10new/ISP392-ISPerfume/src/java/isp392/controllers/SignoutEmployee.java</file>
            <file>file:/D:/Document_D/GitKraken/08_10new/ISP392-ISPerfume/web/signin.jsp</file>
            <file>file:/D:/Document_D/GitKraken/08_10new/ISP392-ISPerfume/src/java/isp392/controllers/SigninEmployee.java</file>
        </group>
        <group>
            <file>file:/D:/Document_D/GitKraken/08_10new/ISP392-ISPerfume/web/signin.jsp</file>
            <file>file:/D:/Document_D/GitKraken/08_10new/ISP392-ISPerfume/src/java/isp392/user/CustomerDTO.java</file>
            <file>file:/D:/Document_D/GitKraken/08_10new/ISP392-ISPerfume/web/profile.jsp</file>
            <file>file:/D:/Document_D/GitKraken/08_10new/ISP392-ISPerfume/src/java/isp392/controllers/MainController.java</file>
            <file>file:/D:/Document_D/GitKraken/08_10new/ISP392-ISPerfume/web/forgotPassword.jsp</file>
            <file>file:/D:/Document_D/GitKraken/08_10new/ISP392-ISPerfume/src/java/isp392/controllers/SigninEmployee.java</file>
            <file>file:/D:/Document_D/GitKraken/08_10new/ISP392-ISPerfume/src/java/isp392/user/UserDAO.java</file>
            <file>file:/D:/Document_D/GitKraken/08_10new/ISP392-ISPerfume/src/java/isp392/controllers/HomeController.java</file>
            <file>file:/D:/Document_D/GitKraken/08_10new/ISP392-ISPerfume/src/java/isp392/user/UserDTO.java</file>
            <file>file:/D:/Document_D/GitKraken/08_10new/ISP392-ISPerfume/web/MGR_Dashboard.jsp</file>
        </group>
        <group>
            <file>file:/D:/Document_D/GitKraken/08_10new/ISP392-ISPerfume/web/signin.jsp</file>
            <file>file:/D:/Document_D/GitKraken/08_10new/ISP392-ISPerfume/src/java/isp392/user/CustomerDTO.java</file>
            <file>file:/D:/Document_D/GitKraken/08_10new/ISP392-ISPerfume/web/profile.jsp</file>
            <file>file:/D:/Document_D/GitKraken/08_10new/ISP392-ISPerfume/src/java/isp392/controllers/MainController.java</file>
            <file>file:/D:/Document_D/GitKraken/08_10new/ISP392-ISPerfume/web/forgotPassword.jsp</file>
            <file>file:/D:/Document_D/GitKraken/08_10new/ISP392-ISPerfume/src/java/isp392/controllers/SigninEmployee.java</file>
            <file>file:/D:/Document_D/GitKraken/08_10new/ISP392-ISPerfume/src/java/isp392/user/UserDAO.java</file>
            <file>file:/D:/Document_D/GitKraken/08_10new/ISP392-ISPerfume/src/java/isp392/controllers/HomeController.java</file>
            <file>file:/D:/Document_D/GitKraken/08_10new/ISP392-ISPerfume/src/java/isp392/user/UserDTO.java</file>
            <file>file:/D:/Document_D/GitKraken/08_10new/ISP392-ISPerfume/web/MGR_Dashboard.jsp</file>
        </group>
        <group>
            <file>file:/D:/Document_D/GitKraken/08_10new/ISP392-ISPerfume/src/java/isp392/controllers/UpdateUserProfile.java</file>
            <file>file:/D:/Document_D/GitKraken/08_10new/ISP392-ISPerfume/web/profile.jsp</file>
            <file>file:/D:/Document_D/GitKraken/08_10new/ISP392-ISPerfume/src/java/isp392/controllers/MainController.java</file>
            <file>file:/D:/Document_D/GitKraken/08_10new/ISP392-ISPerfume/src/java/isp392/controllers/SigninEmployee.java</file>
            <file>file:/D:/Document_D/GitKraken/08_10new/ISP392-ISPerfume/src/java/isp392/user/CustomerViewProfileDTO.java</file>
            <file>file:/D:/Document_D/GitKraken/08_10new/ISP392-ISPerfume/src/java/isp392/user/UserDAO.java</file>
        </group>
        <group>
            <file>file:/D:/Document_D/GitKraken/08_10new/ISP392-ISPerfume/src/java/isp392/controllers/UpdateUserProfile.java</file>
            <file>file:/D:/Document_D/GitKraken/08_10new/ISP392-ISPerfume/web/home.jsp</file>
            <file>file:/D:/Document_D/GitKraken/08_10new/ISP392-ISPerfume/web/productDetail.jsp</file>
            <file>file:/D:/Document_D/GitKraken/08_10new/ISP392-ISPerfume/web/changePassword.jsp</file>
            <file>file:/D:/Document_D/GitKraken/08_10new/ISP392-ISPerfume/web/shopping.jsp</file>
            <file>file:/D:/Document_D/GitKraken/08_10new/ISP392-ISPerfume/web/orderStatus.jsp</file>
            <file>file:/D:/Document_D/GitKraken/08_10new/ISP392-ISPerfume/src/java/isp392/controllers/ChangePasswordController.java</file>
            <file>file:/D:/Document_D/GitKraken/08_10new/ISP392-ISPerfume/src/java/isp392/user/UserDAO.java</file>
            <file>file:/D:/Document_D/GitKraken/08_10new/ISP392-ISPerfume/web/checkout.jsp</file>
        </group>
    </open-files>
</project-private>
